H1_SurplusCAGR_RMSE,H1_SurplusCAGR_VOL,H1_Difference_RMSE_minus_VOL,H2_P(S_end<0)_RMSE,H2_P(S_end<0)_VOL,H2_Diff_PctPts,H2_P(S_CAGR<Disc)_RMSE,H2_P(S_CAGR<Disc)_VOL,H2_Diff_PctPts_CAGRvsDisc,H3_SurplusPerRBC_RMSE,H3_SurplusPerRBC_VOL,H3_Difference,liab_discount_rate_used,company,liability_duration,liability_liquidity
0.00746551120876604,0.00746551120876604,0.0,0.2871,0.2871,0.0,0.9945,0.9945,0.0,0.17829607117489696,0.17829607117489696,0.0,0.04,Brighthouse,7.787982021218225,0.6306273729136531
0.007459784402178871,0.007459784402178871,0.0,0.2874,0.2874,0.0,0.9945,0.9945,0.0,0.17815929994968308,0.17815929994968308,0.0,0.04,Corebridge,8.152721582846818,0.6003913677887616
0.007458553279831914,0.007458553279831914,0.0,0.2871,0.2871,0.0,0.9945,0.9945,0.0,0.17812989750536817,0.17812989750536817,0.0,0.04,MetLife,9.035724534218943,0.530368058209773
0.0074524206017059225,0.0074524206017059225,0.0,0.2875,0.2875,0.0,0.9945,0.9945,0.0,0.17798343299877678,0.17798343299877678,0.0,0.04,Principal,8.553232346100046,0.5681905478283188
0.007451555098375029,0.007451555098375029,0.0,0.2874,0.2874,0.0,0.9945,0.9945,0.0,0.17796276249957427,0.17796276249957427,0.0,0.04,Prudential,8.500090232607104,0.5809304225875556
0.007458109199535157,0.007458109199535157,0.0,0.2874,0.2874,0.0,0.9945,0.9945,0.0,0.17811929169821258,0.17811929169821258,0.0,0.04,Voya,8.313409446106343,0.5831956218764548
