{
  "US Treasuries, Short/Intermediate": {
    "\u0394L": -0.009563742710843688,
    "\u0394S": 0.002405413625494866,
    "SprIG": -0.00018713649876112338
  },
  "US Treasuries, Long": {
    "\u0394L": -0.028724283428814227,
    "\u0394S": -0.00612102336747115
  },
  "US Taxable Munis": {
    "\u0394L": -0.00958960744122081,
    "SprIG": -0.006395529347670054
  },
  "Global ex-US Government, hedged": {
    "\u0394L": -0.0077887943285089795,
    "SprIG": -0.001886197651400748
  },
  "US Public Corporates IG AAA": {
    "\u0394L": -0.010945115635152262,
    "\u0394S": 0.0017718042204600678,
    "SprIG": -0.002015745805123104
  },
  "US Public Corporates IG AA": {
    "\u0394L": -0.013867517423866414,
    "\u0394S": 0.002328019796320033,
    "SprIG": -0.008075565927145355
  },
  "US Public Corporates IG A": {
    "\u0394L": -0.01517516731537552,
    "\u0394S": 0.0022473643024334073,
    "SprIG": -0.013083545530235764
  },
  "US Public Corporates IG BBB": {
    "\u0394L": -0.014616933560167973,
    "\u0394S": 0.002691049289866149,
    "SprIG": -0.01683932465312442
  },
  "US Public Corporates, HY Intermediate": {
    "\u0394L": -0.0038693909167026867,
    "\u0394S": 0.0036993809270026217,
    "SprIG": -0.02263716274552179
  },
  "US Public Corporates, HY Long": {
    "\u0394L": -0.010102429823443143,
    "\u0394S": 0.006154771505260871,
    "SprIG": -0.030874572128117502
  },
  "Global ex-US Corporates, hedged": {
    "\u0394L": -0.010795366520366398,
    "\u0394S": 0.0024729485578259785,
    "SprIG": -0.010877475687029554
  },
  "Residential Mortgage-Backed Securities (RMBS)": {
    "\u0394L": -0.010243724871596723,
    "\u0394S": 0.002515132137432597,
    "SprIG": -0.002977749073806204,
    "E": -0.0007317760069965008
  },
  "Commercial Mortgage-Backed Securities (CMBS)": {
    "\u0394L": -0.010592668356176428,
    "\u0394S": 0.003384742321220044,
    "SprIG": -0.011697449485732403
  },
  "Asset-Backed Securities (ABS)": {
    "\u0394L": -0.00580631629325234,
    "\u0394S": 0.0027803207552533136,
    "SprIG": -0.006154868119605422
  },
  "Corporate IG Private Placement A": {
    "\u0394L": -0.002515804557453618,
    "\u0394S": 0.001694474015358971,
    "SprIG": -0.003543944944837212,
    "E": 0.0010219839512616532
  },
  "Corporate IG Private Placement BBB": {
    "\u0394L": -0.0022517194035939006,
    "\u0394S": 0.0018912095610844788,
    "SprIG": -0.003973292330069915,
    "E": 0.0009956132896759985
  },
  "Corporate HY Private (Leveraged Loans)": {
    "\u0394L": 0.0014790231308650541,
    "\u0394S": 0.002087110182502249,
    "SprIG": -0.01800837549703214
  },
  "Residential Mortgage Whole Loans": {
    "\u0394L": -0.013057655524376818,
    "\u0394S": 0.002331839183118213,
    "SprIG": -0.003619734816934426
  },
  "Commercial Mortgage Whole Loans": {
    "\u0394L": -0.00864697158393579,
    "\u0394S": 0.0029079351170569713,
    "SprIG": -0.012142994937188373
  },
  "Private Equity": {
    "E": 0.05289824109096494
  },
  "Real Estate (via partnerships, equity)": {
    "E": 0.03556553876217515
  }
}