{
  "US Treasuries, Short/Intermediate": {
    "\u0394L": -3.648549617750229,
    "\u0394S": 1.3915490224216198,
    "SprIG": -0.07365170222307856
  },
  "US Treasuries, Long": {
    "\u0394L": -10.958259385786429,
    "\u0394S": -3.5410558886611536
  },
  "US Taxable Munis": {
    "\u0394L": -3.658416963096488,
    "SprIG": -2.517101827767075
  },
  "Global ex-US Government, hedged": {
    "\u0394L": -2.9714101925593988,
    "SprIG": -0.7423547446624468
  },
  "US Public Corporates IG AAA": {
    "\u0394L": -4.175540755774262,
    "\u0394S": 1.0250014404056889,
    "SprIG": -0.7933412817873507
  },
  "US Public Corporates IG AA": {
    "\u0394L": -5.290431468699451,
    "\u0394S": 1.3467761375471743,
    "SprIG": -3.1783173292569438
  },
  "US Public Corporates IG A": {
    "\u0394L": -5.7892974102107315,
    "\u0394S": 1.3001163562599636,
    "SprIG": -5.149318309332413
  },
  "US Public Corporates IG BBB": {
    "\u0394L": -5.576332296472525,
    "\u0394S": 1.5567913014674268,
    "SprIG": -6.627488134064202
  },
  "US Public Corporates, HY Intermediate": {
    "\u0394L": -1.476165260495216,
    "\u0394S": 2.1401183804621597,
    "SprIG": -8.909355367585322
  },
  "US Public Corporates, HY Long": {
    "\u0394L": -3.8540577245851453,
    "\u0394S": 3.5605794282520526,
    "SprIG": -12.151369763242975
  },
  "Global ex-US Corporates, hedged": {
    "\u0394L": -4.118411753873059,
    "\u0394S": 1.4306184648113194,
    "SprIG": -4.281070798821161
  },
  "Residential Mortgage-Backed Securities (RMBS)": {
    "\u0394L": -3.907961516177764,
    "\u0394S": 1.455021967951765,
    "SprIG": -1.171958915181886,
    "E": -0.016480588820256548
  },
  "Commercial Mortgage-Backed Securities (CMBS)": {
    "\u0394L": -4.04108279053369,
    "\u0394S": 1.9580976919401298,
    "SprIG": -4.6037895974125504
  },
  "Asset-Backed Securities (ABS)": {
    "\u0394L": -2.2150986002857347,
    "\u0394S": 1.6084354840200625,
    "SprIG": -2.422384286168296
  },
  "Corporate IG Private Placement A": {
    "\u0394L": -0.9597746440861677,
    "\u0394S": 0.9802653625139057,
    "SprIG": -1.3947978053459231,
    "E": 0.023016465585930252
  },
  "Corporate IG Private Placement BBB": {
    "\u0394L": -0.8590266611781894,
    "\u0394S": 1.0940782857584859,
    "SprIG": -1.5637769514599131,
    "E": 0.022422562497613516
  },
  "Corporate HY Private (Leveraged Loans)": {
    "\u0394L": 0.5642445057250388,
    "\u0394S": 1.207408199306973,
    "SprIG": -7.087593913584202
  },
  "Residential Mortgage Whole Loans": {
    "\u0394L": -4.981470697466766,
    "\u0394S": 1.3489856801842182,
    "SprIG": -1.424626583420662
  },
  "Commercial Mortgage Whole Loans": {
    "\u0394L": -3.2988031800034547,
    "\u0394S": 1.6822613069607242,
    "SprIG": -4.779143850242567
  },
  "Private Equity": {
    "E": 1.1913401811480286
  },
  "Real Estate (via partnerships, equity)": {
    "E": 0.8009842013214674
  }
}