,ΔL,ΔS,SprIG,E
ΔL,6.66104201833765e-06,1.6121083370540153e-06,-1.8824399275383693e-06,-1.5228653344560924e-05
ΔS,1.6121083370540153e-06,2.5949887481230485e-06,1.0566338984193735e-06,-6.365597361762681e-06
SprIG,-1.8824399275383693e-06,1.0566338984193735e-06,9.449735240794102e-06,-1.5243720948153735e-05
E,-1.5228653344560924e-05,-6.365597361762681e-06,-1.5243720948153735e-05,0.001968213433702704
