{
  "means": {
    "\u0394L": -7.565686274509803e-05,
    "\u0394S": 1.0486928104575214e-05,
    "SprIG": -1.1419346405228765e-05,
    "E": 0.0033327494368665506
  },
  "stds": {
    "\u0394L": 0.002621245073471384,
    "\u0394S": 0.0017285870542375038,
    "SprIG": 0.0025408306001444276,
    "E": 0.044402297452932234
  },
  "factor_cols": [
    "\u0394L",
    "\u0394S",
    "SprIG",
    "E"
  ]
}