,ΔL,ΔS,SprIG,E
ΔL,7.0208255908505105e-06,2.6611484374999977e-06,2.576125261909368e-07,2.8106346994452667e-05
ΔS,2.6611484374999977e-06,3.340320249999998e-06,1.8384207239583404e-07,5.920251436543682e-06
SprIG,2.576125261909368e-07,1.8384207239583404e-07,1.979414468156936e-06,2.439534753035364e-06
E,2.8106346994452667e-05,5.920251436543682e-06,2.439534753035364e-06,0.0014699895730613708
