,ΔL,ΔS,SprIG,E
ΔL,6.893453360559305e-06,1.8156260487624545e-06,-1.2875020152086142e-06,1.003514148745022e-06
ΔS,1.8156260487624545e-06,2.997809968681024e-06,8.417230402380801e-07,-1.3843553022563229e-06
SprIG,-1.2875020152086142e-06,8.417230402380801e-07,6.476986762035638e-06,-4.848826174632909e-06
E,1.003514148745022e-06,-1.3843553022563229e-06,-4.848826174632909e-06,0.0019780281634235865
