{
  "A_end_median": 1.605408266460159,
  "L_end_median": 1.4908929421698014,
  "S_end_median": 0.11441107117700622,
  "S_CAGR_proxy_median": 0.007420190259512904
}